{"cameraMode":{"drawMode":0,"name":"Shaded","section":"Shading Mode"},"sceneLighting":false,"audioPlay":false,"sceneViewState":{"showFog":true,"showMaterialUpdate":true,"showSkybox":false,"showFlares":true,"showImageEffects":true,"showParticleSystems":true},"in2DMode":false,"pivot":{"x":0.0,"y":-0.15854918956756593,"z":-0.018582254648208619},"rotation":{"x":-0.015011082403361798,"y":0.9804169535636902,"z":-0.08263532817363739,"w":-0.17812588810920716},"size":4.232149124145508,"orthographic":false}