{"cameraMode":{"drawMode":0,"name":"Shaded","section":"Shading Mode"},"sceneLighting":true,"audioPlay":false,"sceneViewState":{"showFog":true,"showMaterialUpdate":true,"showSkybox":false,"showFlares":true,"showImageEffects":true,"showParticleSystems":true},"in2DMode":false,"pivot":{"x":-17.72269058227539,"y":3.9774208068847658,"z":6.558036804199219},"rotation":{"x":-0.07387872040271759,"y":0.5292372107505798,"z":-0.046332523226737979,"w":-0.843980610370636},"size":18.173986434936525,"orthographic":false}