{"cameraMode":{"drawMode":0,"name":"Shaded","section":"Shading Mode"},"sceneLighting":true,"audioPlay":false,"sceneViewState":{"showFog":true,"showMaterialUpdate":true,"showSkybox":false,"showFlares":true,"showImageEffects":true,"showParticleSystems":true},"in2DMode":false,"pivot":{"x":-306.46380615234377,"y":16.136754989624025,"z":83.35437774658203},"rotation":{"x":-0.13406910002231599,"y":-0.2704172432422638,"z":0.03805411234498024,"w":-0.952602744102478},"size":263.9779968261719,"orthographic":false}