{"cameraMode":{"drawMode":0,"name":"Shaded","section":"Shading Mode"},"sceneLighting":false,"audioPlay":false,"sceneViewState":{"showFog":true,"showMaterialUpdate":true,"showSkybox":false,"showFlares":true,"showImageEffects":true,"showParticleSystems":true},"in2DMode":false,"pivot":{"x":-1.1936379671096802,"y":0.11498582363128662,"z":0.6263566017150879},"rotation":{"x":-0.015011082403361798,"y":0.9804169535636902,"z":-0.08263532817363739,"w":-0.17812588810920716},"size":5.195274353027344,"orthographic":false}