{"cameraMode":{"drawMode":0,"name":"Shaded","section":"Shading Mode"},"sceneLighting":false,"audioPlay":false,"sceneViewState":{"showFog":true,"showMaterialUpdate":true,"showSkybox":false,"showFlares":true,"showImageEffects":true,"showParticleSystems":true},"in2DMode":false,"pivot":{"x":-390.464599609375,"y":-14.130416870117188,"z":78.10628509521485},"rotation":{"x":-0.45700567960739138,"y":-0.16061745584011079,"z":0.08429595082998276,"w":-0.8707709312438965},"size":286.7813720703125,"orthographic":false}