{"cameraMode":{"drawMode":0,"name":"Shaded","section":"Shading Mode"},"sceneLighting":true,"audioPlay":false,"sceneViewState":{"showFog":true,"showMaterialUpdate":true,"showSkybox":false,"showFlares":true,"showImageEffects":true,"showParticleSystems":true},"in2DMode":false,"pivot":{"x":-282.244384765625,"y":-8.589227676391602,"z":44.71824264526367},"rotation":{"x":-0.1776835322380066,"y":0.04484722763299942,"z":-0.00811024196445942,"w":-0.9830318689346314},"size":28.48716926574707,"orthographic":false}