{"cameraMode":{"drawMode":0,"name":"Shaded","section":"Shading Mode"},"sceneLighting":false,"audioPlay":false,"sceneViewState":{"showFog":true,"showMaterialUpdate":true,"showSkybox":false,"showFlares":true,"showImageEffects":true,"showParticleSystems":true},"in2DMode":false,"pivot":{"x":-0.1304488182067871,"y":-0.1430906057357788,"z":0.9196090698242188},"rotation":{"x":-0.0668734461069107,"y":0.13929665088653565,"z":-0.009431286714971066,"w":-0.9879450798034668},"size":10.23385238647461,"orthographic":false}