{"cameraMode":{"drawMode":0,"name":"Shaded","section":"Shading Mode"},"sceneLighting":false,"audioPlay":false,"sceneViewState":{"showFog":true,"showMaterialUpdate":true,"showSkybox":false,"showFlares":true,"showImageEffects":true,"showParticleSystems":true},"in2DMode":false,"pivot":{"x":-1.1718201637268067,"y":-0.3315812349319458,"z":-0.9233381748199463},"rotation":{"x":-0.01932397112250328,"y":0.9720222353935242,"z":-0.08633464574813843,"w":-0.21759088337421418},"size":4.581637382507324,"orthographic":false}