{"cameraMode":{"drawMode":0,"name":"Shaded","section":"Shading Mode"},"sceneLighting":true,"audioPlay":false,"sceneViewState":{"showFog":true,"showMaterialUpdate":true,"showSkybox":false,"showFlares":true,"showImageEffects":true,"showParticleSystems":true},"in2DMode":false,"pivot":{"x":-278.5669860839844,"y":0.8669999837875366,"z":27.731998443603517},"rotation":{"x":-0.0035703021567314865,"y":0.7744579315185547,"z":0.004383030813187361,"w":0.6326002478599548},"size":7.379042625427246,"orthographic":false}