{"cameraMode":{"drawMode":0,"name":"Shaded","section":"Shading Mode"},"sceneLighting":true,"audioPlay":false,"sceneViewState":{"showFog":true,"showMaterialUpdate":true,"showSkybox":false,"showFlares":true,"showImageEffects":true,"showParticleSystems":true},"in2DMode":false,"pivot":{"x":-277.44842529296877,"y":-0.3432527780532837,"z":18.562976837158204},"rotation":{"x":-0.14893656969070435,"y":0.17170575261116029,"z":-0.02627427875995636,"w":-0.9734705090522766},"size":2.5135929584503176,"orthographic":false}