{"cameraMode":{"drawMode":0,"name":"Shaded","section":"Shading Mode"},"sceneLighting":false,"audioPlay":false,"sceneViewState":{"showFog":true,"showMaterialUpdate":true,"showSkybox":false,"showFlares":true,"showImageEffects":true,"showParticleSystems":true},"in2DMode":false,"pivot":{"x":-279.1002197265625,"y":0.2800862789154053,"z":24.24321174621582},"rotation":{"x":-0.25739842653274538,"y":-0.25649142265319826,"z":0.07107153534889221,"w":-0.9289278984069824},"size":3.3617494106292726,"orthographic":false}