{"cameraMode":{"drawMode":0,"name":"Shaded","section":"Shading Mode"},"sceneLighting":false,"audioPlay":false,"sceneViewState":{"showFog":true,"showMaterialUpdate":true,"showSkybox":false,"showFlares":true,"showImageEffects":true,"showParticleSystems":true},"in2DMode":false,"pivot":{"x":-0.0010500550270080567,"y":-0.01676410436630249,"z":0.10283634066581726},"rotation":{"x":-0.07154366374015808,"y":0.4961142838001251,"z":-0.041067879647016528,"w":-0.8643295764923096},"size":4.398830890655518,"orthographic":false}