{"cameraMode":{"drawMode":0,"name":"Shaded","section":"Shading Mode"},"sceneLighting":false,"audioPlay":false,"sceneViewState":{"showFog":true,"showMaterialUpdate":true,"showSkybox":false,"showFlares":true,"showImageEffects":true,"showParticleSystems":true},"in2DMode":false,"pivot":{"x":-5.960464477539063e-8,"y":0.001000046730041504,"z":0.07312500476837158},"rotation":{"x":-0.015011082403361798,"y":0.9804169535636902,"z":-0.08263532817363739,"w":-0.17812588810920716},"size":4.308662414550781,"orthographic":false}