{"cameraMode":{"drawMode":0,"name":"Shaded","section":"Shading Mode"},"sceneLighting":false,"audioPlay":false,"sceneViewState":{"showFog":true,"showMaterialUpdate":true,"showSkybox":false,"showFlares":true,"showImageEffects":true,"showParticleSystems":true},"in2DMode":false,"pivot":{"x":0.034999996423721316,"y":0.12209939956665039,"z":0.012499988079071045},"rotation":{"x":-0.015011082403361798,"y":0.9804169535636902,"z":-0.08263532817363739,"w":-0.17812588810920716},"size":4.7265214920043949,"orthographic":false}