{"cameraMode":{"drawMode":0,"name":"Shaded","section":"Shading Mode"},"sceneLighting":false,"audioPlay":false,"sceneViewState":{"showFog":true,"showMaterialUpdate":true,"showSkybox":false,"showFlares":true,"showImageEffects":true,"showParticleSystems":true},"in2DMode":false,"pivot":{"x":0.33508482575416567,"y":0.06776958703994751,"z":0.005000114440917969},"rotation":{"x":-0.015011082403361798,"y":0.9804169535636902,"z":-0.08263532817363739,"w":-0.17812588810920716},"size":5.309664726257324,"orthographic":false}