{"cameraMode":{"drawMode":0,"name":"Shaded","section":"Shading Mode"},"sceneLighting":false,"audioPlay":false,"sceneViewState":{"showFog":true,"showMaterialUpdate":true,"showSkybox":false,"showFlares":true,"showImageEffects":true,"showParticleSystems":true},"in2DMode":false,"pivot":{"x":537.282470703125,"y":203.84767150878907,"z":0.0},"rotation":{"x":0.0014129162300378085,"y":-0.04740937799215317,"z":-0.0000689878870616667,"w":-0.9988746047019959},"size":233.34523010253907,"orthographic":false}