{"cameraMode":{"drawMode":0,"name":"Shaded","section":"Shading Mode"},"sceneLighting":false,"audioPlay":false,"sceneViewState":{"showFog":true,"showMaterialUpdate":true,"showSkybox":false,"showFlares":true,"showImageEffects":true,"showParticleSystems":true},"in2DMode":false,"pivot":{"x":0.003124028444290161,"y":0.11472245305776596,"z":0.007457025349140167},"rotation":{"x":-0.025816205888986589,"y":-0.003908542450517416,"z":0.0000970637338468805,"w":-0.9996590614318848},"size":0.4140547811985016,"orthographic":false}