{"cameraMode":{"drawMode":0,"name":"Shaded","section":"Shading Mode"},"sceneLighting":false,"audioPlay":false,"sceneViewState":{"showFog":true,"showMaterialUpdate":true,"showSkybox":false,"showFlares":true,"showImageEffects":true,"showParticleSystems":true},"in2DMode":false,"pivot":{"x":230.183349609375,"y":-81.75140380859375,"z":-46.70067596435547},"rotation":{"x":-0.2514561116695404,"y":-0.4133341312408447,"z":0.11989031732082367,"w":-0.8669204711914063},"size":1150.9241943359375,"orthographic":false}