{"cameraMode":{"drawMode":0,"name":"Shaded","section":"Shading Mode"},"sceneLighting":true,"audioPlay":false,"sceneViewState":{"showFog":true,"showMaterialUpdate":true,"showSkybox":false,"showFlares":true,"showImageEffects":true,"showParticleSystems":true},"in2DMode":false,"pivot":{"x":-20.859529495239259,"y":1.6093512773513795,"z":-5.5013861656188969},"rotation":{"x":-0.06497164815664292,"y":0.7339811325073242,"z":-0.07094162702560425,"w":-0.672322690486908},"size":49.54340362548828,"orthographic":false}