{"cameraMode":{"drawMode":0,"name":"Shaded","section":"Shading Mode"},"sceneLighting":false,"audioPlay":false,"sceneViewState":{"showFog":true,"showMaterialUpdate":true,"showSkybox":false,"showFlares":true,"showImageEffects":true,"showParticleSystems":true},"in2DMode":false,"pivot":{"x":0.8999999761581421,"y":0.40000009536743166,"z":0.8500001430511475},"rotation":{"x":-0.07154366374015808,"y":0.4961142838001251,"z":-0.041067879647016528,"w":-0.8643295764923096},"size":6.485571384429932,"orthographic":false}