{"cameraMode":{"drawMode":0,"name":"Shaded","section":"Shading Mode"},"sceneLighting":false,"audioPlay":false,"sceneViewState":{"showFog":true,"showMaterialUpdate":true,"showSkybox":false,"showFlares":true,"showImageEffects":true,"showParticleSystems":true},"in2DMode":false,"pivot":{"x":0.17360302805900575,"y":0.0,"z":-0.2052718997001648},"rotation":{"x":-0.07154366374015808,"y":0.4961142838001251,"z":-0.041067879647016528,"w":-0.8643295764923096},"size":6.334176063537598,"orthographic":false}