{"cameraMode":{"drawMode":0,"name":"Shaded","section":"Shading Mode"},"sceneLighting":true,"audioPlay":false,"sceneViewState":{"showFog":true,"showMaterialUpdate":true,"showSkybox":false,"showFlares":true,"showImageEffects":true,"showParticleSystems":true},"in2DMode":false,"pivot":{"x":-139.27284240722657,"y":0.17731411755084992,"z":11.647007942199707},"rotation":{"x":-0.09326295554637909,"y":-0.8158866167068481,"z":0.13737748563289643,"w":-0.5538579225540161},"size":35.26887130737305,"orthographic":false}