{"cameraMode":{"drawMode":0,"name":"Shaded","section":"Shading Mode"},"sceneLighting":false,"audioPlay":false,"sceneViewState":{"showFog":true,"showMaterialUpdate":true,"showSkybox":false,"showFlares":true,"showImageEffects":true,"showParticleSystems":true},"in2DMode":false,"pivot":{"x":-0.8677626252174377,"y":-0.004491597414016724,"z":0.5273689031600952},"rotation":{"x":-0.043195825070142749,"y":0.9404414892196655,"z":-0.1306948959827423,"w":-0.3108421862125397},"size":1.6212501525878907,"orthographic":false}