{"cameraMode":{"drawMode":0,"name":"Shaded","section":"Shading Mode"},"sceneLighting":false,"audioPlay":false,"sceneViewState":{"showFog":true,"showMaterialUpdate":true,"showSkybox":false,"showFlares":true,"showImageEffects":true,"showParticleSystems":true},"in2DMode":false,"pivot":{"x":-178.19662475585938,"y":-27.226070404052736,"z":198.20773315429688},"rotation":{"x":-0.0987275019288063,"y":-0.25468209385871889,"z":0.02614765428006649,"w":-0.9616165161132813},"size":235.1350555419922,"orthographic":false}